ETAT,$,complete_command,list,separator,separator_op,and_or,pipeline,AND_IF,linebreak,OR_IF,pipe_sequence,Bang,command,'|',simple_command,compound_command,redirect_list,function_definition,brace_group,subshell,for_clause,case_clause,if_clause,while_clause,until_clause,'(',compound_list,')',term,newline_list,For,name,do_group,in,sequential_sep,wordlist,NAME,In,WORD,Case,case_list,Esac,case_list_ns,case_item_ns,case_item,pattern,DSEMI,If,Then,else_part,Fi,Elif,Else,While,Until,fname,function_bod,function_body,Lbrace,Rbrace,Do,Done,cmd_prefix,cmd_word,cmd_suffix,cmd_name,io_redirect,ASSIGNMENT_WORD,io_file,IO_NUMBER,io_here,'<',filename,LESSAND,'>',GREATAND,DGREAT,LESSGREAT,CLOBBER,DLESS,here_end,DLESSDASH,NEWLINE,/*,empty,*/,'&',';'
0,,,1,,,2,3,,,,4,5,6,,7,8,,9,10,14,15,16,17,18,19,20,,,26,,27,,,,,,28,,13,29,30,,,,39,40,,31,,,,32,,33,34,21,,,22,,23,,11,,,12,24,25,35,36,37,38,,41,42,43,44,45,46,47,,48,,,,,,,,
1,ACC,,,,,,,,,,,,,,,,,,,,,,,,,,,,,,,,,,,,,,,,,,,,,,,,,,,,,,,,,,,,,,,,,,,,,,,,,,,,,,,,,,,
2,,,,,,,,19,,,,,,,,,,,,,,,,,,,,,,,,,,,,,,,,,,,,,,,,,,,,,,,,,,,,,,,,,,,,,,,,,,,,,,,,,,,,,,
3,,,,,,,,,,,,,,,,,,,,,,,,,,,,,,,,,,,,,,,,,,,,,,,,,,,,,,,,,,,,,,,,,,,,,,,,,,,,,-2,,,
4,,,,,,,,,,,,,,,,,,,,,,,,,,,,,,,,,,,,,,,,,,,,,,,,,,,,,,,,,,,,,,,,,,,,,,,,,,,,,-5,,,
5,,,,,,,,,,,,20,,,,,,22,21,11,12,13,,14,15,16,,,,,,,,,,,,,,,,,,,,,,,,,,,,,,,,,,,,,,,,,,,,,,,,,,,,,,
6,,23,1,2,,,3,,4,5,,6,,7,,,8,9,10,11,12,13,,14,15,16,,,,,,,,,,,,,,,,,,,,,,,,,,,,,,,,,,,,,,,,,,,,,,,,,,,,,,,,,
7,,,,,,,,,,,,,,,,,,,,,,,,,,,,,,,,,,,,,,,,,,,,,,,,,,,,,,,,,,,-12,,,,,,,,,,,,,,,,,,,
8,,,,,,,,,,,,,,,,,,,,,,,,,,,,,,,,,,,,,,,,,,,,,,,,,,,,,,,,,,,,,,,,,,,,,,,,,-15,,,,,,,
9,,,,,,,,,,,,,,,,,,,,,,,,,,,,,,,,,,,,,,,,,,,,,,,,,,,,,,,,,-16,,,,,-16,,,,,-16,-16,,,,,-16,,,,,,,,,,,,,,,,,
10,,,,,,,,,,,,,,,,,,,,,,,,,,,,,,,,,,,,,,,,,,,,,,,,,,,,,,,,,-68,,66,,,,,,,,,,,,,,,,,,,,,-68,,,,,63,,,64,65,35,36,37,38,,41,42,43,44,45,46,47,,48,,,,,,,
11,,,,,,,,,,,,,,,,,,,,,,,,,,,,,,,,,,,,,,,,,,,,,,,,,,,,,,,,,-70,,69,,,,,,,,,,,,,,,,,,,,,-70,,,,,67,,68,,35,36,37,38,,41,42,43,44,45,46,47,,48,,,,,,,
12,,,,,,,,,,,,,,,,,,,,,,,,,,,,,,,,,,,,,,,,,,,,,,,,,,,,,,,,,,,,,-72,,,,,,,,,,,,,,,,,,,,,,,,,,,,,,,,,,,,-94,,-94,-94,-94,-94,-94,-94,-97,,-97,,,,,,,,
13,,,,,,,,,,,,,,,,,,,,,,,,,,,,,,,,,,,,,,,,,,,,,,,,,,,,,,,,,-17,,,,,-17,,,,,-17,,,,-17,,,,,-17,-17,,,,,-17,,,,,,,,,,,,,-17,,,,,,,,,,,,,,,,
14,,,,,,,,,,,,,,,,,,,,,,,,,,,,,,,,,,,,,,,,,,,,,,,,,,,,,,,,,-18,,,,,-18,,,,,-18,,,,-18,,,,,-18,-18,,,,,-18,,,,,,,,,,,,,-18,,,,,,,,,,,,,,,,
15,,,,,,,,,,,,,,,,,,,,,,,,,,,,,,,,,,,,,,,,,,,,,,,,,,,,,,,,,-19,,,,,-19,,,,,-19,,,,-19,,,,,-19,-19,,,,,-19,,,,,,,,,,,,,-19,,,,,,,,,,,,,,,,
16,,,,,,,,,,,,,,,,,,,,,,,,,,,,,,,,,,,,,,,,,,,,,,,,,,,,,,,,,-20,,,,,-20,,,,,-20,,,,-20,,,,,-20,-20,,,,,-20,,,,,,,,,,,,,-20,,,,,,,,,,,,,,,,
17,,,,,,,,,,,,,,,,,,,,,,,,,,,,,,,,,,,,,,,,,,,,,,,,,,,,,,,,,-21,,,,,-21,,,,,-21,,,,-21,,,,,-21,-21,,,,,-21,,,,,,,,,,,,,-21,,,,,,,,,,,,,,,,
18,,,,,,,,,,,,,,,,,,,,,,,,,,,,,,,,,,,,,,,,,,,,,,,,,,,,,,,,,-22,,,,,-22,,,,,-22,,,,-22,,,,,-22,-22,,,,,-22,,,,,,,,,,,,,-22,,,,,,,,,,,,,,,,
19,,,,,,,,,20,,,,,,22,39,11,12,13,,14,15,16,70,,72,73,27,,,,,,28,,74,29,30,,,,39,71,,31,,,,32,,33,34,21,,,22,,23,,11,,,12,24,25,35,36,37,38,,41,42,43,44,45,46,47,,48,54,,,,,,
20,,,,,,,,,,,,,,,,,,,,,,,,,,,,,,,,,,,,,,,,,,,,,,,,,,,,,,,,,-24,,,,,,,,,-24,,,,-24,,,,,,,,,,,,,,,,,,,,,,,,,,,,,,,,,,,,,-24,-24,,,,,-24,,,,,,,,,,,,,,,,,,,,,,,,,,54,-24,,,53,52
21,,,,,,,,,,,,,,,,,,,,,,,,,,,,,,,,,,,,,,,,,,,,,,,,,,,,,,,,,-31,,,-31,-31,-33,,,,,,,,,,,,,,,,,,,,,,,,,,,,,,,,,,,,,,,,,,,,,,,,,,,,,,,,
22,,,,,,,,,,,,,,,,,,,,,,,,,,,,,,,,,,,,,,,,,,,,,,,,,,,,,,,,,-12,,,,41,,29,28,11,12,13,,14,15,16,,,,,,,,,,,,,,,,,,,,,,,,,,,,,,,,
23,,,,,,,,,,,,,,,,,,,,,,,,,,,,,,,,,,,,,,,,,,,,,,,,,,,,,,,,,-18,,,,-18,,,,-18,,,,,,,,,,,,,,,,,,,,,,,,,,,,,,,,,,,,,,,,,,,,,,,,,,,,,
24,,,,,,,,,,,,,,,,,,,,,,,,,,,,,,,,,,,,,,,,,,,,,,,,,,,,,,,,,-17,,,,-31,,-31,-31,-33,,,,,,,,,,,,,,,,,,,,,,,,,,,,,,,,,,,,,,,,,,,,,,,,,,
25,,,,,,,,,,,,,,,,,,,,,,,,,,,,,,,,,,,,,,,,,,,,,,,,,,,,,,,,,-14,,,,,,43,42,11,12,13,,14,15,16,,,,,,,,,,,,,,,,,,,,,,,,,,,,,,,
26,,,,,,,,,,,,,,,,,,,,,,,,,,,,,,,,,,,,,,,,,,,,,,,,,,,,,,,,,-24,,,,,-20,,,,-24,,,,-24,,,,,,,,,,,,,,,,,,,,,,,,,,,,,,,,,,,,,,,,,,,,,,,,,
27,,,,,,,,,,,,,,,,,,,,,,,,,,,,,,,,,,,,,,,,,,,,,,,,,,,,,,,,,-22,,,,-31,,-31,-31,-33,,,,,,,,,,,,,,,,,,,,,,,,,,,,,,,,,,,,,,,,,,,,,,,,,,
28,,,,,,,,,,,,,,,,,,,,,,,,,,,,,,,,,,,,,,,,,,,,,,,,,,,,,,,,,,,,,-28,,,,,-28,,,,,,,,,,,,,,,,,,,,,,,,,,,,,,,,,,,,,,,,,,,,,,,,,,,
29,,,,,,,,,,,,,,,,,,,,,,,,,,,,,,,,,,,,,,,,,,,,,,,,,,,,,,,,,-31,,-31,-31,,,,,,,,,,,,,,,,,,,,,,,,,,,,,,,,,,,,,,,,,,,,,,,,,,,,,,,
30,,,,,,,,,,,,,,,,,,,,,,,,,,,,,,,,,,,,,,,,,,,,,,,,,,,,,,,,,,,,,-29,,,,,-29,,,,,,,,,,,,,,,,,,,,,,,,,,,,,,,,,,,,,,,,,,,,,,,,,,,
31,,,,,,,,,,,,,,,,,,,,,,,,,,,,,,,,,,,,,,,,,,,,,,,,,,,,,,,,,,,,,-30,,,,,-30,,,,,,,,,,,,,,,,,,,,,,,,,,,,,,,,,,,,,,,,,,,,,,,,,,,
32,,,,,,,,,,,,,,,,,,,,,,,,,,,,,,,,,,,,,,,,,,,,,,,,,,,,,,,,,,,,,-32,,,,,-32,,,,,,,,,,,,,,,,,,,,,,,,,,,,,,,,,,,,,,,,,,,,,,,,,,,
33,,,,,,,,,,,,,,,,,,,,,,,,,,,,,,,,,,,,,,,,,,,,,,,,,,,,,,,,,,,,,,,-33,,,,,,,,,,,,,,,,,,,,,,,,,,,,,,,,,,,,,,,,,,,,,,,,,,,,
34,,,,,,,19,,,,,,,,,,,,,-3,,,,,,,,,,,,,,,,,,,,,,,,,,,,,,,,,,,,,,,,,,,,,,,,,,,,,,,,,,,,,,,,,,,,,,,,,,,,,,
35,,,,,,,19,,,,,,,,,,,,,-4,,,,,,,,,,,,,,,,,,,,,,,,,,,,,,,,,,,,,,,,,,,,,,,,,,,,,,,,,,,,,,,,,,,,,,,,,,,,,,
36,,,,,,,,,,,,,,,,,,,,,-6,,,,,,,,,,,,,,,,,,,,,,,,,,,,,,,,,,,,,,,,,,,,,,,,,,,,,,,,,,,,,,,,,,,,,,,,,,,,,,,
37,,,,,,,,,,,,,,,,,,,,,,,,,,,,,,,,,,,,,,,,,,,,,,,,,,,,,,,,,-25,,,,,,,,,-25,,,,-25,,,,,,,,,,,,,,,,,,,,,,,,,,,,,,,,,,,,,,,,,,,,,,,,,
38,,,,,,,,,,,,,,,,,,,,,,,,,,,,,,,,,,,,,,,,,,,,,,,,,,,,,,,,,-10,,,,,,,,,-10,,,,,,,,,,,,,,,,,,,,,,,,,,,,,,,,,,,,,,,,,,,,,,,,,,,,
39,,,,,,,,,,,,,,,,,,,,,,,,,,,,,,,,,,,,,,,,,,,,,,,,,,,,,,,,,-11,,,,,,43,42,11,12,13,,14,15,16,,,,,,,,,,,,,,,,,,,,,,,,,,,,,,,
40,,,,,,,,,,,,,,,,,,,,,,,,,,,,,,,,,,,,,,,,,,,,,,,,,,,,,,,,,-21,,,,-21,,,,-21,,,,,,,,,,,,,,,,,,,,,,,,,,,,,,,,,,,,,,,,,,,,,,,,,,,,,
41,,,,,,,,,,,,,,,,,,,,,,,,,,,,,,,,,,,,,,,,,,,,,,,,,,,,,,,,,-23,,,,-31,,-31,-31,-33,,,,,,,,,,,,,,,,,,,,,,,,,,,,,,,,,,,,,,,,,,,,,,,,,,
42,,,,,,,,,,,,,,,,,,,,,,,,,,,,,,,,,,,,,,,,,,,,,,,,,,,,,,,,,,,,,,,,,,,,,,,,,,,,,,,,,-77,,,,,,,,,,,,,,,,,,,,,,,,,,,,,,-77,,-77,,,,,,,,,-77,,,,,,,,
43,,,,,,,,,,,,,,,,,,,,,,,,,,,,,,,,,,,,,,,,,,,,,,,,,,,,,,,,,,,,,,,,,,,,,,,,,,,,,,,,,-75,,,,,,,,,,,,,,,,,,,,,,,,,,,,,,-75,,-75,,,,,,,,,-75,,,,,,,,
44,,,,,,,78,79,,,,,,,,,,,,,,,,,,,,,,,,,,,,,,,,,,,51,,,,,,,,,,,,,,,,,,,,,,,,,,,,,,,,,,,,,,,,,,,,,-24,-24,,,,,,,,-24,,,,,,,,,,,,,,,,,,,,,,,,,,,,,,54,-24,,,53,52
45,,,,,,,,,,,,,,,,,,,,,,,,,,,,,,,,,,,,,,,,,,,,,,,,,,,,,,,,,,,,,,,,,,,,,,,,,,,,,,,,,,,,,,,,,-80,,,,,,,,,,,,,,,,,,,,,,,,,,,,,,-80,,-94,,-94,-94,-94,-94,-94,-94,-97,,-97,,,,,,
46,,,,,,,,,,,,,,,,,,,,,,,,,,,,,,,,,,,,,,,,,,,,,,,,,,,,,,,,,,,,,,,,,,,,,,,,,,,,,,,,,,,,,,,,,,,,,,,,,,,,,,,,,-88,,-88,,,,,,,-88,,,,,,,,
47,,,,,,,,,,,,,,,,,,,,,,,,,,,,,,,,,,,,,,,,,,,,,,,,,,,,,,,,,,,,,,,,,,,,,,,,,,,,,,,,,,,,,,,,,,,,,,,,,-100,,,,,,,,,,,,,,,,,-100,,,,,,,,,,,-100,-100,-100,,,,,,,,,,,,,,,,,,,,,,,,,,,,,-100,,-100,,,,,,,,,,,-100,,,,,,,,,,,,,,,,,113,,,,-100,-100
48,,,,,,,,114,,,,,,,,,,,,,,,,,,,,,,,,,,,,,,,,,,,,,,,,,,,,,,,,,,,,,,,,,,,,,,,,,,,,,,,,,,,,,,,,,,,,,,,,,,,,,-103,,,,,,,,,,54,112,,,53,
49,,,,,,,,,,,,,,,,,,,,,,,,,,,,,,,,,,,,,,,,,,,,,,,,,,,,,,,,,,,,,,,,,,,,,,,,,,,,,,,,,,,,,,,,,,,,,,,,,,,,,,,,,,,,,-102,,,,,,,,,,,-102,-102,,,,
50,,,,,,,,,,,,,,,,,,,,,,,,,,,,,,,,,,,,,,,,,,,,,,,,,,,,,,,,,,,,,,,,,,,,,,,,,,,,,,,,,,,,,,,,,,,,,-98,,,,,,,,,,,,,,,,,,,,,,,,-98,,,,,,,,,,,,,,,,,,,,,,,,,,,,,,,,,-98,,,,,,,,,,,,,-98,,,,,,,,,,,,,,,,,-98,-98,,,,-98,-98
51,,,,,,,,115,,,,,,,,,,,,,,,,,,,,,,,,,,,,,,,,111,,,,,,,,,,,,,,,,,,,,,,,,,,,,,,,,,,,,,,,,,,,,,,,,,,,,,,,,,,,,,,,,,,,,,,,,,,,54,112,,,53,
52,,,,,,,,116,,,,,,,,,,,,,,,,,,,,,,,,,,,,,,,,111,,,,,,,,,,,,,,,,,,,,,,,,,,,,,,,,,,,,,,,,,,,,,,,,,,,,,,,,,,,,,,,,,,,,,,,,,,,54,112,,,53,
53,,,,,,,,117,,,,,,,,,,,,,,,,,,,,,,,,,,,,,,,,111,,,,,,,,,,,,,,,,,,,,,,,,,,,,,,,,,,,,,,,,,,,,,,,,,,,,,,,,,,,,,,,,,,,,,,,,,,,54,112,,,53,
54,,,,,,,,,,,,,,,,,,,,,,,,,,,,,,,,,,,,,,,,,,,,,,,,,,,,,,,,,,,,,,,,,,,,,,,,,,,,,,,,,,,,,,,,,,,,,,,,,,,,,,,,,,,,,-8,,,,,,,,,,,,,,,,
55,,,,,,,,,,,,,,,,,,,,,,,,,,,,,,,,,,,,,,,,,,,,,,,,,,,,,,,,,,,,,,,,,,,,,,,,,,,,,,,,,,,,,,,,,,,,,,,,,,,,,,,,,,,,,-29,,,,-29,-29
56,,,,,,,,,,,,,,,,,,,,,,,,,,,,,,,,,,,,,,,,,,,,,,,,,,,,,,,,,,,,,,,,,,,,,,,,,,,,,,,,,,,,,,,,,,,,,,,,,,,,,,,,,,,,,,,,,-118,,,,35,36,37,38,,41,42,43,44,45,46,47,,48,,,,,,
57,,,,,,,,,,,,,,,,,,,,,,,,,,,,,,,,,,,,,,,,,,,,,,,,,,,,,,,,,,,,,,,,,,,,,,,,,,,,,,,,,,,,,,,,,,,,,,,,,,,,,,,,,-81,,,,,-81,,,,,-81,,,,-81,,,,,,,,,-81,,,,,-81,-81,,,,,-81,,,,,,,,,,,-81,,-81,,,,,,,,,,-81,,,,,,,,
58,,,,,,,,,,,,,,,,,,,,,,,,,,,,,,,,,,,,,,,,,,,,,,,,,,,,,,,,,,,,,,,,,,,,,,,,,,,,,,,,,,,,,,,,,,,,,,,,,,,,,,,,,,,,,,,,,-94,,-94,-94,-94,-94,-94,-94,-97,,-97,,,,,,
59,,,,,,,,,,,,,,,,,,,,,,,,,,,,,,,,,,,,,,,,,,,,,,,,,,,,,,,,,,,,,,,,,,,,,,,,,,,,,,,,,,,,,,,,,,,,,,,,,-67,,69,,,,,,,,,,,,,,,,,,,,,-67,,,,,,119,,68,,35,36,37,38,,41,42,43,44,45,46,47,,48,,,,,,
60,,,,,,,,,,,,,,,,,,,,,,,,,,,,,,,,,,,,,,,,,,,,,,,,,,,,,,,,,,,,,,,,,,,,,,,,,,,,,-73,,,,,,,,,,,,,,,,,,,,,,,,,,,,,,,,,,,-73,,-73,,,,,,,,,,-73,,,,,,,,,
61,,,,,,,,,,,,,,,,,,,,,,,,,,,,,,,,,,,,,,,,,,,,,,,,,,,,,,,,,,,,,,,,,,,,,,,,,,,,,-76,,,,,,,,,,,,,,,,,,,,,,,,,,,,,,,,,,,-76,,-76,,,,,,,,,,-76,,,,,,,,,
62,,,,,,,,,,,,,,,,,,,,,,,,,,,,,,,,,,,,,,,,,,,,,,,,,,,,,,,,,,,,,,,,,,,,,,,,,,,,,-72,,,,,,,,,,,,,,,,,,,,,,,,,,,,,,,,,,,-94,,-94,-94,-94,-94,-94,-94,-97,,-97,,,,,,
63,,,,,,,,,,,,,,,,,,,,,,,,,,,,,,,,,,,,,-69,,121,,,,,,,,,,,,,,,,,,,,,-69,,,,,,,,120,,35,36,37,38,,41,42,43,44,45,46,47,,48,,,,,,
64,,,,,,,,,,,,,,,,,,,,,,,,,-81,,,,,-81,,,,,-81,,,,-77,-81,,,,,,,,,-81,,,,,-81,-81,,,,,-81,,,,,,,,,,,-81,,-81,,,,,,,,,,-81,,,,,,,,
65,,,,,,,,,,,,,,,,,,,,,,,,,,,,,,,,,,,,,-79,,,,,,,,,,,,,,,,,,,,,,,,,,,,,,,,,,,-79,,-94,,-94,-94,-94,-94,-94,-94,-97,,-97,,,,,,
66,,,,,,,,,,,,,,,,,,,,,,,,,,,122,,,,,,,,,,,,,,,,,,,,,,,,,,,,,,,,,,,,,,,,,,,,,,,,,,,,,,,,,,,,,,,,,,,,,,,,,,,,,,,,,,,,,,,,,,,,,,,,,-10,,,,,,,,,,,,,,,,
67,,,,,,,,,,,,,,99,,,,,,,,,,,,,123,,,,,,,,,,,,,,,,,,,,,,,,,,,,,,,,,,,,,,,,,,,,,,,,,,,,,,,,,,,,,,,,,,,,,,,,,,,,,,,,,,,,,,,,,,,,,,,,
68,,,,,,,124,79,,,,,,,,,,,,,,,,,,,,,,,,,,,,,,51,,,,,,,,,,,,,,,,,,,,,,,,,,,,,,,,,,,,,,,,,,,,,,,,,-24,-24,,,,,,,,-24,,,,,,,,,,,,,,,,,,,,,,,,,,,,,,54,-24,,,53,52
69,,,,,,59,3,,,,,4,5,6,,7,8,,9,10,14,15,16,17,18,19,20,,,125,,27,,,,,,28,-100,13,29,30,,,,39,40,,31,,,,32,,33,34,21,,,22,,23,,11,,,12,24,25,35,36,37,38,,41,42,43,44,45,46,47,,48,-100,,,,-100,-100
70,,,,,,,,,,,,,,,,,,,,,,,,,,,,,,,,,,,,,,,,,,,,,,,,,,,,,,,,,,,,,,,,,,,,,,,,,,,,,,,,,,,,,,,,,,,,,-72,,,,,,,,,,,,,,,,,,,,,,,,,,,,,,,,,,,,,,,,,-94,,-94,-94,-94,-94,-94,-94,-97,,-97,,,,,,
71,,,,,,,,,,,,,,,,,,,,,,,,,,,126,,,,,,,,,,,,,,,,,,,,,,,,,,,,,,,,,,,,,,,,,,,,,,,,,,,,,,,,,,,,,,,,,,,,,,,,,,,,,,,,,,,,,,,,,,,,,,,,
72,,,,,,,,,,,,,,,,,,,,,,,,,,,,,,,,,,,,,,,,,,,,,,,,,,,,,,,,,,,,,,,,,,,,,,,,,,,,,,,,,,,,,,,,,,,,,,,,,,,,,,,,,,,,,,,,127,,,,,,,,,,,,,,,,,,,,,,,,,,,,
73,,,,,,,,,,,,,,,,,,,,,,,,,,,,,,,,,,,,,,,,,,,,,,,,,,,,,,,,,,,,,,,,,,,,,,,,,,,,,,,,,,,,,,,,,,,,,,,,,,,,,,,,,,,,,,,,128,,,,,,,,,,,,,,,,,,,,,,,,,,,,
74,,,,,,129,3,,,,,4,5,6,,7,8,,9,10,14,15,16,17,18,19,20,,,26,,27,,,,,,28,,13,29,30,,,,39,40,,31,,,,32,,33,34,21,,,22,,23,,11,,,12,24,25,35,36,37,38,,41,42,43,44,45,46,47,,48,,,,,,,
75,,,,,,,,110,,,,,,,,,,,,,,,,,,,,,,,,,,,,,,111,,,,,,,,,,,,,,,,,,,,,,,,,,,,,,,,,,,,,,,,,,,,,,,,,,,,,,,,,,,,,,,,,,,,,,,,,,,54,112,,,53,
76,,,,,,,,130,,,,,,,,,,,,,,,,,,,,,,,,,,,,,,111,,,,,,,,,,,,,,,,,,,,,,,,,,,,,,,,,,,,,,,,,,,,,,,,,,,,,,,,,,,,,,,,,,,,,,,,,,,54,112,,,53,
77,,,,,,,,,,,,,,,,,,,,,,,,,,,,,,,,,,,,,,,,,,,,,,,,,,,,,,,,,,,,,,,,,,,,,,,,,,,,,,,,,,,,,,,,,,,,,,,,,,,,,,,,,,,,,-33,-33,,,,
78,,,,,,,,,,,,,,,,,,,,,,,,,,,,,,,,,,,,,-34,,,,,,,,,,,,,,,,,,,,,,,,,,,,,,,,,,,,,,,,,,,,,,,,,,,,,,,,,,,,,-34,-34,,,,,-34
79,,,,,,,,131,,,,,,,,,,,,,,,,,,,,,,,,,,,,,,111,,,,,,,,,,,,,,,,,,,,,,,,,,,,,,,,,,,,,,,,,,,,,,,,,,,,,,,,,,,,,,,,,,,,,,,,,,,54,112,,,53,
80,,,,,,,,,,,,,,,,,,,,,,,,,,,,,,,,,,,,,,,,,,,,,,,,,,,,,,,,,,,,,,,,,,,,,,,,,,,,,,,,,,,,,,,,,,,,,,,,,,,,,,,,,-87,,-87,,,,,,,,,,-87,,,,,,,,
81,,,,,,,,,,,,,,,,,,,,,,,,,,,,,,,,,,,,,-86,,,,,,,,,,,,,,,,,,,,,,,,,,,,,,,,,,,,,,,,,,,,,,,,,,,,,,,,,,,,,-86,,,,-86,,,,,,,,,,,,,,,,,,
82,,,,,,,,,,,,,,,99,,,,,,,,,,,,,132,,,,,,,,,,,,,,,,,,,,,,,,,,,,,,,,,,,,,,,,,,,,,,,,,,,,,,,,,,,,,,,,,,,,,,,,,,,,,,,,,,,,,,,,,,,,,,,,
83,,,,,,,,,,,,,,,,,,,,,,,,,,,,,,,,,,,,,-49,,,,,,,,,,,,,,,,,,,,,,,,,,,,,,,,,,,,,,,,,,,,,,,,,,,,,,,,,,,,,,,,,,,,,,,,,,,,,,
84,,,,,,,,,,,,,,,,,,,,,,,,,,,,,,,,,,,,,-48,,,,,,,,,,,,,,,,,,,,,,,,,,,,,,,,,,,,,,,,,,,,,,,,,,,,,,,,,,,,,,,,,,,,,,,,,,,,,,
85,,,,,,,,,,,,,,,,,,,,,,,,,,,,,,,,,,,,,-49,,,,,,,,,,,,,,,,,,,,,,,,,,,,,,,,,,,,,,,,,,,,,,,,,,,,,,,,,,,,,,,,,,,,,,,,,,,,,,
86,,,,,,,,,,,,,,,,,,,,,,,,,-31,,,,,-31,,,,,-31,,,,-31,,,,,-31,-31,,,,,-31,,,,,,,,,,,,,-31,,,,,,,,,,,,,,,,,,,,,,,,,,,,,,,,,
87,,,,,,,,,,,,,,,,,,,,,,,,,,,,,,,,203,,,,,,62,,,,,,,,,,,,,,,,,,,,,,,,23,,138,,,,24,25,35,36,37,38,,41,42,43,44,45,46,47,,48,,,,,,,
88,,,,,,,,,,,,,,,,,,,,,,,,,,,,,,,,204,,154,,82,158,156,,,,,,,,,,,,,,,,,,,,,,,,,,,,,,,,,,,,,,,,,,,,,,,,,,,,,,,,,,,,,,,,,,,,,,,,,,,,
89,,,,,,,,,,,,,,,,,,,,,,,,,198,,,,,,,,,,,,,88,,,205,,84,85,206,,89,,,,,,,,,,,,,,,,,,,,,,,,,,,,,,,,,,,,,,,,,,,,,,,,,,,,,,,,,,,,,,
90,,,,,,,,,,,,,,,,,,,,,,,,,,,,,,,,,,,,,,,,207,,,,,,,,,,,,,,,,,,,,,,,,,,,,,,,,,,,,,,,,,,,,,,,,,,,,,,,,,,,,,,,,,,,,,,,,,,,,,
91,,,,,,,,,,,,,,,,,,,,,,,,,-39,,,,,-39,,,,,-39,,,,-39,,,,,-39,-39,,,,,-39,,,,,,,,,,,,,-39,,,,,,,,,,,,,,,,,,,,,,,,,,,,,,,,,
92,,,,,,,,,,,,,99,,,,,,,,,,,,,208,,,,,,,,,,,,,,,,,,,,,,,,,,,,,,,,,,,,,,,,,,,,,,,,,,,,,,,,,,,,,,,,,,,,,,,,,,,,,,,,,,,,,,,,,,,,,,,,
93,,,,,,,,,,,,,,,,,,,,,,,,,,,,,,,,,,,,,,,,,,,,,,,,,,,,,,,,,,,,,,,,,,,,,,,,,,,,,,,,,,,,,,,,,,,,,,,,,,,,,,,,,,,,,,,,,-94,,-94,-94,-94,-94,-94,-94,,,,,,,,,,,,,,,,
94,,,,,,59,3,,140,,4,5,6,,7,8,,9,10,14,15,16,17,18,19,20,141,,72,142,27,,,,,,28,,13,29,30,,,,39,40,,31,,,,32,,33,34,21,,,22,,23,,11,,,12,24,25,35,36,37,38,,41,42,43,44,45,46,47,,48,54,112,,,53,
95,,,,,,,,,,,,,,,,,,,,,,,,,,,,,,,,,,,,,-44,,,,,,,169,,,,,,,,,,,,,,,,,,,,,,,,,,,,,,,,,,,,,,,,,,,,,,,,,,,,,,,,,,,,,,,,,,,,,,,,
96,,,,,,,,,,,,,,,,,,,,,,,,,,,,,,,,,,,,,,,,,,,,,,170,,,,,,,,,,,,,,,,,,,,,,,,,,,,,,,,,,,,,,,,,,,,,,,,,,,,,,,,,,,,,,,,,,,,,,,,,,
97,,,,,,129,3,,,,,4,5,6,,7,8,,9,10,14,15,16,17,18,19,20,,,26,,27,,,,,,28,,13,29,30,,,,39,40,,31,,,,32,-27,33,34,21,,,22,,23,,11,,,12,24,25,35,36,37,38,,41,42,43,44,45,46,47,,48,-27,-27,,,,
98,,,,,,,,,,,,,,,,,,,,,,,,,,,,,,,,,,,,,,,,,,,,,,171,,,,,,,,,,,,,,,,,,,,,,,,,,,,,,,,,,,,,,,,,,,,,,,,,,,,,,,,,,,,,,,,,,,,,,,,,,
99,,,,,,,,,,,,,,,,,,,,,,,,,,,,,,,,,,,,,-30,,,,,-30,,,,,-30,,,,-30,,,,,-30,-30,,,,,-30,,,,,,,,,,,,,,,,,,,,,,,,,,,,,,,,,,,,,,,,
100,,,,,,,,,,,,,,,,,,,,,,,,,,,,,,,,175,,,,172,173,,,158,156,,,,,,,,,,,,,,,,,,,,,,,,,,,,,,,,,,,,,,,,,,,,,,,,,,,,,,,,,,,,,,,,,,,,,,,,54,,,,174
101,,,,,,,,,,,,,,,,,,,,,,,,,,,,,,,,,,,,,-43,,,,,,,,,,,,,,,,,,,,,,,,,,,,,,,,,,,,,,,,,,,,,,,,,,,,,,,,,-43,,,,,,,,,,,,,,,,,,,,,,,,,,,,,
102,,,,,,,,,,,,,,,,,,,,,,,,,,,,,,,,,,,,,-44,,,,,,,166,,,,,,,,,,,,,,,,,,,,,,,,,,,,,,,,,,,,,,,,,,,,,,,,,,,,,,,,,,,,,,,,,,,,,,,,
103,,,,,,,,,,,,,,,,,,,,,,,,,,,,,,,,,,,,,-46,,,,,,,199,,,,,,,,,,,,,,,,,,,,,,,,,,,,,,,,,,,,,,,,,,,,,,,,,,,,,,,,,,,,,,,,,,,,,,,,
104,,,,,,,,200,,,,,,,,,,,,,,,,,,,,,,,,,,,,,,111,,,,,,,,,,,,,,,,,,,,,,,,,,,,,,,,,,,,,,,,201,,,,,,,,,,,,,,,,,,,,,,,,,,,,,,,,,,,,,,,,,,,54,112,,,53,
105,,,,,,,,,,,,,,99,,,,,,,,,,,,,,223,,,,,,,,,,,,,,,,,,,,,,,,,,,,,,,,,,,,,,,,,,,,,,,,,,,,,,,,,,,,,,,,,,,,,,,,,,,,,,,,,,,,,,,,,,,,,,,,
106,,,,,,,,,,,,,,99,,,,,,,,,,,,,,224,,,,,,,,,,,,,,,,,,,,,,,,,,,,,,,,,,,,,,,,,,,,,,,,,,,,,,,,,,,,,,,,,,,,,,,,,,,,,,,,,,,,,,,,,,,,,,,,
107,,,,,,,,225,,,,,,,,,,,,,,,,,,,,,,,,141,,72,142,27,,,,,,28,,13,29,30,,,,39,40,,31,,,,32,,33,34,21,,,22,,23,,11,,,12,24,25,35,36,37,38,,41,42,43,44,45,46,47,,48,54,112,,,53,
108,,,,,,,,226,,,,,,,,,,,,,,,,,,,,,,,,227,,72,142,27,,,,,,28,,13,29,30,,,,39,40,,31,,,,32,,33,34,21,,,22,,23,,11,,,12,24,25,35,36,37,38,,41,42,43,44,45,46,47,,48,54,112,,,53,
109,,,,,,,,,,,,,,,,,,,,,,,,,,,,,,,,,,,,,,,,,,,,,,166,,,,,,,,,,,,,,,,,,,,,,,,,,,,,,,,,,,,,,,,,,,,,,,,,,,,,,,,,,,,,,,,,,,,,,,,,,
110,,,,,,,,,,,,,,,,,,,,,,,,,,,,,,,,,,,,,,,,,,,,,,199,,,,,,,,,,,,,,,,,,,,,,,,,,,,,,,,,,,,,,,,,,,,,,,,,,,,,,,,,,,,,,,,,,,,,,,,,,
111,,,,,,,,,,,,,,,,,,,,,,,,,,,,,,,,,,,,,,,,,,,,,,201,,,,,,,,,,,,,,,,,,,,,,,,,,,,,,,,,,,,,,,,,,,,,,,,,,,,,,,,,,,,,,,,,,,,,,,,,,
112,,,,,,,,,,,,,,,,,,,,,,,,,,,,,,,,,,,,,,,,,-51,,,,,,,,,,,,,,,,,,,,,,,,,,,,,,,,,,,,,,,,,,,,,,,,,,,,,,,,,,,,,,,,,,,,,,,,,,,
113,,,,,,,,,,,,,,,,,,,,,,,,217,,,,,,,,,,,,,,88,,,216,,,,39,40,,89,,,,,,,,,,,,,,,,,,,,,,,,,,,,,,,,,,,,,,,,,,,,,,,,,,,,,,,,
114,,,,,,59,3,,218,,4,5,6,,7,8,,9,10,14,15,16,17,18,19,20,214,,72,142,27,,,,,,28,,13,29,30,,,,39,40,,31,,,,32,,33,34,21,,,22,,23,,11,,,12,24,25,35,36,37,38,,41,42,43,44,45,46,47,,48,54,112,,,53,
115,,,,,,,,179,,,,,,,,,,,,,,,,,,,,,,,,,,,,,,111,,,,,,,,,,,,,,,,167,,,,,,,,,,,,,,,,,,,,,,,,,,,,,,,,,,,,,,,,,,,,,,,,,,,,,,,,,,,,,,,,,54,112,,,53,
116,,,,,,,,219,,,,,,,,,,,,,,,,,,,,,,,,220,,72,142,27,,,,,,28,,13,29,30,,,,39,40,,31,,,,32,,33,34,21,,,22,,23,,11,,,12,24,25,35,36,37,38,,41,42,43,44,45,46,47,,48,54,112,,,53,
117,,,,,,,,,,,,,,,,,,,,,,,,217,,,,,,,,,,,,,,88,,,205,,,85,221,,89,,,,,,,,,,,,,,,,,,,,,,,,,,,,,,,,,,,,,,,,,,,,,,,,,,,,,,,,
118,,,,,,,,,,,,,,,,,,,,,,,,,,,,,,,,,,,,,,88,,,,,,222,,89,,,,,,,,,,,,,,,,,,,,,,,,,,,,,,,,,,,,,,,,,,,,,,,,,,,,,,,,,,,,,,,
119,,,,,,,,,,,,,,,,,,,,,,,,,,,,,,,,,,,,,-44,,,,,,,166,,,,,,,,,,,,,,,,,,,,,,,,,,,,,,,,,,,,,,,,,,,,,,,,,,,,,,,,,,,,,,,,,,,,,,,,
120,,,,,,,,,,,,,,,,,,,,,,,,,,,,,,,,,,,,,-46,,,,,,,199,,,,,,,,,,,,,,,,,,,,,,,,,,,,,,,,,,,,,,,,,,,,,,,,,,,,,,,,,,,,,,,,,,,,,,,,
121,,,,,,,,200,,,,,,,,,,,,,,,,,,,,,,,,,,,,,,111,,,,,,,,,,,,,,,,201,,,,,,,,,,,,,,,,,,,,,,,,,,,,,,,,,,,,,,,,,,,,,,,,,,,,,,,,,,,,,,,,,54,112,,,53,
122,,,,,,,,,,,,,,,,,,,,,,,,,,,,,,,,,,,,,-50,,,,,,,,,,,,,,,,,,,,,,,,,,,,,,,,,,,,,,,,,,,,,,,,,,,,,,,,,,,,,,,,,,,,,,,,,,,,,,,
123,,,,,,,,211,,,,,,,,,,,,,,,,,,,,,,,,,,,,,,111,,,,,,,,,,,,,,,,,,,,,,,,,,,,,,,,,,,,,,,,,,,,,,,,,,,,,,,,,,,,,,,,,,,,,,,,,,,54,112,,,53,
124,,,,,,,,,,,,,,,,,,,,,,,,,-54,,,,,-54,,,,,-54,,,,-54,,,,,-54,-54,,,,,-54,,,,,,,,,,,,,,,,,,,,,,,,,,,,,,,,,,,,,,,,,,,,,,,,,
125,,,,,,,,,,,,,,,,,,,,,,,,,-32,,,,,-32,,,,,-32,,,,-32,,,,,-32,-32,,,,,-32,,,,,,,,,,,,,,,,,,,,,,,,,,,,,,,,,,,,,,,,,,,,,,,,,
126,,,,,,,,212,,,,,,,,,,,,,,,,,,,,,,,,,,,,,,111,,,,,,,,,,,,,,,,,,,,,,,,,,,,,,,,,,,,,,,,,,,,,,,,,,,,,,,,,,,,,,,,,,,,,,,,,,,54,112,,,53,
127,,,,,,,,,,,,,,,,,,,,,,,,,-37,,,,,-37,,,,,-37,,,,-37,,,,,-37,-37,,,,,-37,,,,,,,,,,,,,,,,,,,,,,,,,,,,,,,,,,,,,,,,,,,,,,,,,
128,,,,,,,,,,,,,,99,,,,,,,,,,,,,,213,,,,,,,,,,,,,,,,,,,,,,,,,,,,,,,,,,,,,,,,,,,,,,,,,,,,,,,,,,,,,,,,,,,,,,,,,,,,,,,,,,,,,,,,,,,,,,,,
129,,,,,,,,,,,,,,,,,,,,,,,,,-38,,,,,-38,,,,,-38,,,,-38,,,,,-38,-38,,,,,-38,,,,,,,,,,,,,,,,,,,,,,,,,,,,,,,,,,,,,,,,,,,,,,,,,
130,,,,,,59,3,,140,,4,5,6,,7,8,,9,10,14,15,16,17,18,19,20,214,,72,142,27,,,,,,28,,13,29,30,,,,39,40,,31,,,,32,,33,34,21,,,22,,23,,11,,,12,24,25,35,36,37,38,,41,42,43,44,45,46,47,,48,54,112,,,53,
131,,,,,,,,,,,,,,99,,,,,,,,,,,,,,215,,,,,,,,,,,,,,,,,,,,,,,,,,,,,,,,,,,,,,,,,,,,,,,,,,,,,,,,,,,,,,,,,,,,,,,,,,,,,,,,,,,,,,,,,,,,,,,,
132,,,,,,,,,,,,,,,,,,,,,,,,,,,,,,,,,,,,,-50,,,,,,,,,,,,,,,,,,,,,,,,,,,,,,,,,,,,,,,,,,,,,,,,,,,,,,,,,,,,,,,,,,,,,,,,,,,,,,,
133,,,,,,,,211,,,,,,,,,,,,,,,,,,,,,,,,,,,,,,111,,,,,,,,,,,,,,,,,,,,,,,,,,,,,,,,,,,,,,,,,,,,,,,,,,,,,,,,,,,,,,,,,,,,,,,,,,,54,112,,,53,
134,,,,,,,,,,,,,,,,,,,,,,,,,,,,,,,,,,,,,-51,,,,,,,,,,,,,,,,,,,,,,,,,,,,,,,,,,,,,,,,,,,,,,,,,,,,,,,,,,,,,,,,,,,,,,,,,,,,,,,
135,,,,,,,,,,,,,,,,,,,,,,,,217,,,,,,,,,,,,,,88,,,216,,,,39,40,,89,,,,,,,,,,,,,,,,,,,,,,,,,,,,,,,,,,,,,,,,,,,,,,,,,,,,,,,,
136,,,,,,59,3,,218,,4,5,6,,7,8,,9,10,14,15,16,17,18,19,20,214,,72,142,27,,,,,,28,,13,29,30,,,,39,40,,31,,,,32,,33,34,21,,,22,,23,,11,,,12,24,25,35,36,37,38,,41,42,43,44,45,46,47,,48,54,112,,,53,
137,,,,,,,,179,,,,,,,,,,,,,,,,,,,,,,,,,,,,,,111,,,,,,,,,,,,,,,,167,,,,,,,,,,,,,,,,,,,,,,,,,,,,,,,,,,,,,,,,,,,,,,,,,,,,,,,,,,,,,,,,,54,112,,,53,
138,,,,,,,,219,,,,,,,,,,,,,,,,,,,,,,,,220,,72,142,27,,,,,,28,,13,29,30,,,,39,40,,31,,,,32,,33,34,21,,,22,,23,,11,,,12,24,25,35,36,37,38,,41,42,43,44,45,46,47,,48,54,112,,,53,
139,,,,,,,,,,,,,,,,,,,,,,,,217,,,,,,,,,,,,,,88,,,205,,,85,221,,89,,,,,,,,,,,,,,,,,,,,,,,,,,,,,,,,,,,,,,,,,,,,,,,,,,,,,,,,
140,,,,,,,,,,,,,,,,,,,,,,,,,,,,,,,,,,,,,,88,,,,,,222,,89,,,,,,,,,,,,,,,,,,,,,,,,,,,,,,,,,,,,,,,,,,,,,,,,,,,,,,,,,,,,,,,
141,,,,,,,,,,,,,,,,,,,,,,,,,,,,,,,,,,,,,-44,,,,,,,166,,,,,,,,,,,,,,,,,,,,,,,,,,,,,,,,,,,,,,,,,,,,,,,,,,,,,,,,,,,,,,,,,,,,,,,,
142,,,,,,,,,,,,,,,,,,,,,,,,,,,,,,,,,,,,,-46,,,,,,,199,,,,,,,,,,,,,,,,,,,,,,,,,,,,,,,,,,,,,,,,,,,,,,,,,,,,,,,,,,,,,,,,,,,,,,,,
143,,,,,,,,200,,,,,,,,,,,,,,,,,,,,,,,,,,,,,,111,,,,,,,,,,,,,,,,201,,,,,,,,,,,,,,,,,,,,,,,,,,,,,,,,,,,,,,,,,,,,,,,,,,,,,,,,,,,,,,,,,54,112,,,53,
144,,,,,,,,,,,,,,,,,,,,,,,,,,,,,,,,,,,,,-50,,,,,,,,,,,,,,,,,,,,,,,,,,,,,,,,,,,,,,,,,,,,,,,,,,,,,,,,,,,,,,,,,,,,,,,,,,,,,,,
145,,,,,,,,211,,,,,,,,,,,,,,,,,,,,,,,,,,,,,,111,,,,,,,,,,,,,,,,,,,,,,,,,,,,,,,,,,,,,,,,,,,,,,,,,,,,,,,,,,,,,,,,,,,,,,,,,,,54,112,,,53,
146,,,,,,,,,,,,,,,,,,,,,,,,,-54,,,,,-54,,,,,-54,,,,-54,,,,,-54,-54,,,,,-54,,,,,,,,,,,,,,,,,,,,,,,,,,,,,,,,,,,,,,,,,,,,,,,,,
147,,,,,,,,,,,,,,,,,,,,,,,,,-32,,,,,-32,,,,,-32,,,,-32,,,,,-32,-32,,,,,-32,,,,,,,,,,,,,,,,,,,,,,,,,,,,,,,,,,,,,,,,,,,,,,,,,
148,,,,,,,,212,,,,,,,,,,,,,,,,,,,,,,,,,,,,,,111,,,,,,,,,,,,,,,,,,,,,,,,,,,,,,,,,,,,,,,,,,,,,,,,,,,,,,,,,,,,,,,,,,,,,,,,,,,54,112,,,53,
149,,,,,,,,,,,,,,,,,,,,,,,,,-37,,,,,-37,,,,,-37,,,,-37,,,,,-37,-37,,,,,-37,,,,,,,,,,,,,,,,,,,,,,,,,,,,,,,,,,,,,,,,,,,,,,,,,
150,,,,,,,,,,,,,,99,,,,,,,,,,,,,,213,,,,,,,,,,,,,,,,,,,,,,,,,,,,,,,,,,,,,,,,,,,,,,,,,,,,,,,,,,,,,,,,,,,,,,,,,,,,,,,,,,,,,,,,,,,,,,,,
151,,,,,,,,,,,,,,,,,,,,,,,,,-38,,,,,-38,,,,,-38,,,,-38,,,,,-38,-38,,,,,-38,,,,,,,,,,,,,,,,,,,,,,,,,,,,,,,,,,,,,,,,,,,,,,,,,
152,,,,,,59,3,,140,,4,5,6,,7,8,,9,10,14,15,16,17,18,19,20,214,,72,142,27,,,,,,28,,13,29,30,,,,39,40,,31,,,,32,,33,34,21,,,22,,23,,11,,,12,24,25,35,36,37,38,,41,42,43,44,45,46,47,,48,54,112,,,53,
153,,,,,,,,,,,,,,99,,,,,,,,,,,,,,215,,,,,,,,,,,,,,,,,,,,,,,,,,,,,,,,,,,,,,,,,,,,,,,,,,,,,,,,,,,,,,,,,,,,,,,,,,,,,,,,,,,,,,,,,,,,,,,,
154,,,,,,,,,,,,,,,,,,,,,,,,,,,,,,,,,,,,,-50,,,,,,,,,,,,,,,,,,,,,,,,,,,,,,,,,,,,,,,,,,,,,,,,,,,,,,,,,,,,,,,,,,,,,,,,,,,,,,,
155,,,,,,,,211,,,,,,,,,,,,,,,,,,,,,,,,,,,,,,111,,,,,,,,,,,,,,,,,,,,,,,,,,,,,,,,,,,,,,,,,,,,,,,,,,,,,,,,,,,,,,,,,,,,,,,,,,,54,112,,,53,
156,,,,,,,,,,,,,,,,,,,,,,,,,,,,,,,,,,,,,-51,,,,,,,,,,,,,,,,,,,,,,,,,,,,,,,,,,,,,,,,,,,,,,,,,,,,,,,,,,,,,,,,,,,,,,,,,,,,,,,
157,,,,,,,,,,,,,,,,,,,,,,,,217,,,,,,,,,,,,,,88,,,216,,,,39,40,,89,,,,,,,,,,,,,,,,,,,,,,,,,,,,,,,,,,,,,,,,,,,,,,,,,,,,,,,,
158,,,,,,59,3,,218,,4,5,6,,7,8,,9,10,14,15,16,17,18,19,20,214,,72,142,27,,,,,,28,,13,29,30,,,,39,40,,31,,,,32,,33,34,21,,,22,,23,,11,,,12,24,25,35,36,37,38,,41,42,43,44,45,46,47,,48,54,112,,,53,
159,,,,,,,,179,,,,,,,,,,,,,,,,,,,,,,,,,,,,,,111,,,,,,,,,,,,,,,,167,,,,,,,,,,,,,,,,,,,,,,,,,,,,,,,,,,,,,,,,,,,,,,,,,,,,,,,,,,,,,,,,,54,112,,,53,
160,,,,,,,,219,,,,,,,,,,,,,,,,,,,,,,,,220,,72,142,27,,,,,,28,,13,29,30,,,,39,40,,31,,,,32,,33,34,21,,,22,,23,,11,,,12,24,25,35,36,37,38,,41,42,43,44,45,46,47,,48,54,112,,,53,
161,,,,,,,,,,,,,,,,,,,,,,,,217,,,,,,,,,,,,,,88,,,205,,,85,221,,89,,,,,,,,,,,,,,,,,,,,,,,,,,,,,,,,,,,,,,,,,,,,,,,,,,,,,,,,
162,,,,,,,,,,,,,,,,,,,,,,,,,,,,,,,,,,,,,,88,,,,,,222,,89,,,,,,,,,,,,,,,,,,,,,,,,,,,,,,,,,,,,,,,,,,,,,,,,,,,,,,,,,,,,,,,
163,,,,,,,,,,,,,,,,,,,,,,,,,,,,,,,,,,,,,-44,,,,,,,166,,,,,,,,,,,,,,,,,,,,,,,,,,,,,,,,,,,,,,,,,,,,,,,,,,,,,,,,,,,,,,,,,,,,,,,,
164,,,,,,,,,,,,,,,,,,,,,,,,,,,,,,,,,,,,,-46,,,,,,,199,,,,,,,,,,,,,,,,,,,,,,,,,,,,,,,,,,,,,,,,,,,,,,,,,,,,,,,,,,,,,,,,,,,,,,,,
165,,,,,,,,200,,,,,,,,,,,,,,,,,,,,,,,,,,,,,,111,,,,,,,,,,,,,,,,201,,,,,,,,,,,,,,,,,,,,,,,,,,,,,,,,,,,,,,,,,,,,,,,,,,,,,,,,,,,,,,,,,54,112,,,53,
166,,,,,,,,,,,,,,,,,,,,,,,,,,,,,,,,,,,,,-50,,,,,,,,,,,,,,,,,,,,,,,,,,,,,,,,,,,,,,,,,,,,,,,,,,,,,,,,,,,,,,,,,,,,,,,,,,,,,,,
167,,,,,,,,211,,,,,,,,,,,,,,,,,,,,,,,,,,,,,,111,,,,,,,,,,,,,,,,,,,,,,,,,,,,,,,,,,,,,,,,,,,,,,,,,,,,,,,,,,,,,,,,,,,,,,,,,,,54,112,,,53,
168,,,,,,,,,,,,,,,,,,,,,,,,,-54,,,,,-54,,,,,-54,,,,-54,,,,,-54,-54,,,,,-54,,,,,,,,,,,,,,,,,,,,,,,,,,,,,,,,,,,,,,,,,,,,,,,,,
169,,,,,,,,,,,,,,,,,,,,,,,,,-32,,,,,-32,,,,,-32,,,,-32,,,,,-32,-32,,,,,-32,,,,,,,,,,,,,,,,,,,,,,,,,,,,,,,,,,,,,,,,,,,,,,,,,
170,,,,,,,,212,,,,,,,,,,,,,,,,,,,,,,,,,,,,,,111,,,,,,,,,,,,,,,,,,,,,,,,,,,,,,,,,,,,,,,,,,,,,,,,,,,,,,,,,,,,,,,,,,,,,,,,,,,54,112,,,53,
171,,,,,,,,,,,,,,,,,,,,,,,,,-37,,,,,-37,,,,,-37,,,,-37,,,,,-37,-37,,,,,-37,,,,,,,,,,,,,,,,,,,,,,,,,,,,,,,,,,,,,,,,,,,,,,,,,
172,,,,,,,,,,,,,,99,,,,,,,,,,,,,,213,,,,,,,,,,,,,,,,,,,,,,,,,,,,,,,,,,,,,,,,,,,,,,,,,,,,,,,,,,,,,,,,,,,,,,,,,,,,,,,,,,,,,,,,,,,,,,,,
173,,,,,,,,,,,,,,,,,,,,,,,,,-38,,,,,-38,,,,,-38,,,,-38,,,,,-38,-38,,,,,-38,,,,,,,,,,,,,,,,,,,,,,,,,,,,,,,,,,,,,,,,,,,,,,,,,
174,,,,,,59,3,,140,,4,5,6,,7,8,,9,10,14,15,16,17,18,19,20,214,,72,142,27,,,,,,28,,13,29,30,,,,39,40,,31,,,,32,,33,34,21,,,22,,23,,11,,,12,24,25,35,36,37,38,,41,42,43,44,45,46,47,,48,54,112,,,53,
175,,,,,,,,,,,,,,99,,,,,,,,,,,,,,215,,,,,,,,,,,,,,,,,,,,,,,,,,,,,,,,,,,,,,,,,,,,,,,,,,,,,,,,,,,,,,,,,,,,,,,,,,,,,,,,,,,,,,,,,,,,,,,,
176,,,,,,,,,,,,,,,,,,,,,,,,,,,,,,,,,,,,,-50,,,,,,,,,,,,,,,,,,,,,,,,,,,,,,,,,,,,,,,,,,,,,,,,,,,,,,,,,,,,,,,,,,,,,,,,,,,,,,,
177,,,,,,,,211,,,,,,,,,,,,,,,,,,,,,,,,,,,,,,111,,,,,,,,,,,,,,,,,,,,,,,,,,,,,,,,,,,,,,,,,,,,,,,,,,,,,,,,,,,,,,,,,,,,,,,,,,,54,112,,,53,
178,,,,,,,,,,,,,,,,,,,,,,,,,,,,,,,,,,,,,-51,,,,,,,,,,,,,,,,,,,,,,,,,,,,,,,,,,,,,,,,,,,,,,,,,,,,,,,,,,,,,,,,,,,,,,,,,,,,,,,
179,,,,,,,,,,,,,,,,,,,,,,,,217,,,,,,,,,,,,,,88,,,216,,,,39,40,,89,,,,,,,,,,,,,,,,,,,,,,,,,,,,,,,,,,,,,,,,,,,,,,,,,,,,,,,,
180,,,,,,59,3,,218,,4,5,6,,7,8,,9,10,14,15,16,17,18,19,20,214,,72,142,27,,,,,,28,,13,29,30,,,,39,40,,31,,,,32,,33,34,21,,,22,,23,,11,,,12,24,25,35,36,37,38,,41,42,43,44,45,46,47,,48,54,112,,,53,
181,,,,,,,,179,,,,,,,,,,,,,,,,,,,,,,,,,,,,,,111,,,,,,,,,,,,,,,,167,,,,,,,,,,,,,,,,,,,,,,,,,,,,,,,,,,,,,,,,,,,,,,,,,,,,,,,,,,,,,,,,,54,112,,,53,
182,,,,,,,,219,,,,,,,,,,,,,,,,,,,,,,,,220,,72,142,27,,,,,,28,,13,29,30,,,,39,40,,31,,,,32,,33,34,21,,,22,,23,,11,,,12,24,25,35,36,37,38,,41,42,43,44,45,46,47,,48,54,112,,,53,
183,,,,,,,,,,,,,,,,,,,,,,,,217,,,,,,,,,,,,,,88,,,205,,,85,221,,89,,,,,,,,,,,,,,,,,,,,,,,,,,,,,,,,,,,,,,,,,,,,,,,,,,,,,,,,
184,,,,,,,,,,,,,,,,,,,,,,,,,,,,,,,,,,,,,,88,,,,,,222,,89,,,,,,,,,,,,,,,,,,,,,,,,,,,,,,,,,,,,,,,,,,,,,,,,,,,,,,,,,,,,,,,
185,,,,,,,,,,,,,,,,,,,,,,,,,,,,,,,,,,,,,-44,,,,,,,166,,,,,,,,,,,,,,,,,,,,,,,,,,,,,,,,,,,,,,,,,,,,,,,,,,,,,,,,,,,,,,,,,,,,,,,,
186,,,,,,,,,,,,,,,,,,,,,,,,,,,,,,,,,,,,,-46,,,,,,,199,,,,,,,,,,,,,,,,,,,,,,,,,,,,,,,,,,,,,,,,,,,,,,,,,,,,,,,,,,,,,,,,,,,,,,,,
187,,,,,,,,200,,,,,,,,,,,,,,,,,,,,,,,,,,,,,,111,,,,,,,,,,,,,,,,201,,,,,,,,,,,,,,,,,,,,,,,,,,,,,,,,,,,,,,,,,,,,,,,,,,,,,,,,,,,,,,,,,54,112,,,53,
188,,,,,,,,,,,,,,,,,,,,,,,,,,,,,,,,,,,,,-50,,,,,,,,,,,,,,,,,,,,,,,,,,,,,,,,,,,,,,,,,,,,,,,,,,,,,,,,,,,,,,,,,,,,,,,,,,,,,,,
189,,,,,,,,211,,,,,,,,,,,,,,,,,,,,,,,,,,,,,,111,,,,,,,,,,,,,,,,,,,,,,,,,,,,,,,,,,,,,,,,,,,,,,,,,,,,,,,,,,,,,,,,,,,,,,,,,,,54,112,,,53,
190,,,,,,,,,,,,,,,,,,,,,,,,,-54,,,,,-54,,,,,-54,,,,-54,,,,,-54,-54,,,,,-54,,,,,,,,,,,,,,,,,,,,,,,,,,,,,,,,,,,,,,,,,,,,,,,,,
191,,,,,,,,,,,,,,,,,,,,,,,,,-32,,,,,-32,,,,,-32,,,,-32,,,,,-32,-32,,,,,-32,,,,,,,,,,,,,,,,,,,,,,,,,,,,,,,,,,,,,,,,,,,,,,,,,
192,,,,,,,,212,,,,,,,,,,,,,,,,,,,,,,,,,,,,,,111,,,,,,,,,,,,,,,,,,,,,,,,,,,,,,,,,,,,,,,,,,,,,,,,,,,,,,,,,,,,,,,,,,,,,,,,,,,54,112,,,53,
193,,,,,,,,,,,,,,,,,,,,,,,,,-37,,,,,-37,,,,,-37,,,,-37,,,,,-37,-37,,,,,-37,,,,,,,,,,,,,,,,,,,,,,,,,,,,,,,,,,,,,,,,,,,,,,,,,
194,,,,,,,,,,,,,,99,,,,,,,,,,,,,,213,,,,,,,,,,,,,,,,,,,,,,,,,,,,,,,,,,,,,,,,,,,,,,,,,,,,,,,,,,,,,,,,,,,,,,,,,,,,,,,,,,,,,,,,,,,,,,,,
195,,,,,,,,,,,,,,,,,,,,,,,,,-38,,,,,-38,,,,,-38,,,,-38,,,,,-38,-38,,,,,-38,,,,,,,,,,,,,,,,,,,,,,,,,,,,,,,,,,,,,,,,,,,,,,,,,
196,,,,,,59,3,,140,,4,5,6,,7,8,,9,10,14,15,16,17,18,19,20,214,,72,142,27,,,,,,28,,13,29,30,,,,39,40,,31,,,,32,,33,34,21,,,22,,23,,11,,,12,24,25,35,36,37,38,,41,42,43,44,45,46,47,,48,54,112,,,53,
197,,,,,,,,,,,,,,99,,,,,,,,,,,,,,215,,,,,,,,,,,,,,,,,,,,,,,,,,,,,,,,,,,,,,,,,,,,,,,,,,,,,,,,,,,,,,,,,,,,,,,,,,,,,,,,,,,,,,,,,,,,,,,,
198,,,,,,,,,,,,,,,,,,,,,,,,,,,,,,,,,,,,,-50,,,,,,,,,,,,,,,,,,,,,,,,,,,,,,,,,,,,,,,,,,,,,,,,,,,,,,,,,,,,,,,,,,,,,,,,,,,,,,,
199,,,,,,,,211,,,,,,,,,,,,,,,,,,,,,,,,,,,,,,111,,,,,,,,,,,,,,,,,,,,,,,,,,,,,,,,,,,,,,,,,,,,,,,,,,,,,,,,,,,,,,,,,,,,,,,,,,,54,112,,,53,
200,,,,,,,,,,,,,,,,,,,,,,,,,,,,,,,,,,,,,-51,,,,,,,,,,,,,,,,,,,,,,,,,,,,,,,,,,,,,,,,,,,,,,,,,,,,,,,,,,,,,,,,,,,,,,,,,,,,,,,
201,,,,,,,,,,,,,,,,,,,,,,,,217,,,,,,,,,,,,,,88,,,216,,,,39,40,,89,,,,,,,,,,,,,,,,,,,,,,,,,,,,,,,,,,,,,,,,,,,,,,,,,,,,,,,,
202,,,,,,59,3,,218,,4,5,6,,7,8,,9,10,14,15,16,17,18,19,20,214,,72,142,27,,,,,,28,,13,29,30,,,,39,40,,31,,,,32,,33,34,21,,,22,,23,,11,,,12,24,25,35,36,37,38,,41,42,43,44,45,46,47,,48,54,112,,,53,
203,,,,,,,,179,,,,,,,,,,,,,,,,,,,,,,,,,,,,,,111,,,,,,,,,,,,,,,,167,,,,,,,,,,,,,,,,,,,,,,,,,,,,,,,,,,,,,,,,,,,,,,,,,,,,,,,,,,,,,,,,,54,112,,,53,
204,,,,,,,,219,,,,,,,,,,,,,,,,,,,,,,,,220,,72,142,27,,,,,,28,,13,29,30,,,,39,40,,31,,,,32,,33,34,21,,,22,,23,,11,,,12,24,25,35,36,37,38,,41,42,43,44,45,46,47,,48,54,112,,,53,
205,,,,,,,,,,,,,,,,,,,,,,,,217,,,,,,,,,,,,,,88,,,205,,,85,221,,89,,,,,,,,,,,,,,,,,,,,,,,,,,,,,,,,,,,,,,,,,,,,,,,,,,,,,,,,
206,,,,,,,,,,,,,,,,,,,,,,,,,,,,,,,,,,,,,,88,,,,,,222,,89,,,,,,,,,,,,,,,,,,,,,,,,,,,,,,,,,,,,,,,,,,,,,,,,,,,,,,,,,,,,,,,
207,,,,,,,,,,,,,,,,,,,,,,,,,,,,,,,,,,,,,-44,,,,,,,166,,,,,,,,,,,,,,,,,,,,,,,,,,,,,,,,,,,,,,,,,,,,,,,,,,,,,,,,,,,,,,,,,,,,,,,,
208,,,,,,,,,,,,,,,,,,,,,,,,,,,,,,,,,,,,,-46,,,,,,,199,,,,,,,,,,,,,,,,,,,,,,,,,,,,,,,,,,,,,,,,,,,,,,,,,,,,,,,,,,,,,,,,,,,,,,,,
209,,,,,,,,200,,,,,,,,,,,,,,,,,,,,,,,,,,,,,,111,,,,,,,,,,,,,,,,201,,,,,,,,,,,,,,,,,,,,,,,,,,,,,,,,,,,,,,,,,,,,,,,,,,,,,,,,,,,,,,,,,54,112,,,53,
210,,,,,,,,,,,,,,,,,,,,,,,,,,,,,,,,,,,,,-50,,,,,,,,,,,,,,,,,,,,,,,,,,,,,,,,,,,,,,,,,,,,,,,,,,,,,,,,,,,,,,,,,,,,,,,,,,,,,,,
211,,,,,,,,211,,,,,,,,,,,,,,,,,,,,,,,,,,,,,,111,,,,,,,,,,,,,,,,,,,,,,,,,,,,,,,,,,,,,,,,,,,,,,,,,,,,,,,,,,,,,,,,,,,,,,,,,,,54,112,,,53,
212,,,,,,,,,,,,,,,,,,,,,,,,,-54,,,,,-54,,,,,-54,,,,-54,,,,,-54,-54,,,,,-54,,,,,,,,,,,,,,,,,,,,,,,,,,,,,,,,,,,,,,,,,,,,,,,,,
213,,,,,,,,,,,,,,,,,,,,,,,,,-32,,,,,-32,,,,,-32,,,,-32,,,,,-32,-32,,,,,-32,,,,,,,,,,,,,,,,,,,,,,,,,,,,,,,,,,,,,,,,,,,,,,,,,
214,,,,,,,,212,,,,,,,,,,,,,,,,,,,,,,,,,,,,,,111,,,,,,,,,,,,,,,,,,,,,,,,,,,,,,,,,,,,,,,,,,,,,,,,,,,,,,,,,,,,,,,,,,,,,,,,,,,54,112,,,53,
215,,,,,,,,,,,,,,,,,,,,,,,,,-37,,,,,-37,,,,,-37,,,,-37,,,,,-37,-37,,,,,-37,,,,,,,,,,,,,,,,,,,,,,,,,,,,,,,,,,,,,,,,,,,,,,,,,
216,,,,,,,,,,,,,,99,,,,,,,,,,,,,,213,,,,,,,,,,,,,,,,,,,,,,,,,,,,,,,,,,,,,,,,,,,,,,,,,,,,,,,,,,,,,,,,,,,,,,,,,,,,,,,,,,,,,,,,,,,,,,,,
217,,,,,,,,,,,,,,,,,,,,,,,,,-38,,,,,-38,,,,,-38,,,,-38,,,,,-38,-38,,,,,-38,,,,,,,,,,,,,,,,,,,,,,,,,,,,,,,,,,,,,,,,,,,,,,,,,
218,,,,,,59,3,,140,,4,5,6,,7,8,,9,10,14,15,16,17,18,19,20,214,,72,142,27,,,,,,28,,13,29,30,,,,39,40,,31,,,,32,,33,34,21,,,22,,23,,11,,,12,24,25,35,36,37,38,,41,42,43,44,45,46,47,,48,54,112,,,53,
219,,,,,,,,,,,,,,99,,,,,,,,,,,,,,215,,,,,,,,,,,,,,,,,,,,,,,,,,,,,,,,,,,,,,,,,,,,,,,,,,,,,,,,,,,,,,,,,,,,,,,,,,,,,,,,,,,,,,,,,,,,,,,,
220,,,,,,,,,,,,,,,,,,,,,,,,,,,,,,,,,,,,,-50,,,,,,,,,,,,,,,,,,,,,,,,,,,,,,,,,,,,,,,,,,,,,,,,,,,,,,,,,,,,,,,,,,,,,,,,,,,,,,,
221,,,,,,,,211,,,,,,,,,,,,,,,,,,,,,,,,,,,,,,111,,,,,,,,,,,,,,,,,,,,,,,,,,,,,,,,,,,,,,,,,,,,,,,,,,,,,,,,,,,,,,,,,,,,,,,,,,,54,112,,,53,
222,,,,,,,,,,,,,,,,,,,,,,,,,,,,,,,,,,,,,-51,,,,,,,,,,,,,,,,,,,,,,,,,,,,,,,,,,,,,,,,,,,,,,,,,,,,,,,,,,,,,,,,,,,,,,,,,,,,,,,
223,,,,,,,,,,,,,,,,,,,,,,,,217,,,,,,,,,,,,,,88,,,216,,,,39,40,,89,,,,,,,,,,,,,,,,,,,,,,,,,,,,,,,,,,,,,,,,,,,,,,,,,,,,,,,,
224,,,,,,59,3,,218,,4,5,6,,7,8,,9,10,14,15,16,17,18,19,20,214,,72,142,27,,,,,,28,,13,29,30,,,,39,40,,31,,,,32,,33,34,21,,,22,,23,,11,,,12,24,25,35,36,37,38,,41,42,43,44,45,46,47,,48,54,112,,,53,
225,,,,,,,,179,,,,,,,,,,,,,,,,,,,,,,,,,,,,,,111,,,,,,,,,,,,,,,,167,,,,,,,,,,,,,,,,,,,,,,,,,,,,,,,,,,,,,,,,,,,,,,,,,,,,,,,,,,,,,,,,,54,112,,,53,
226,,,,,,,,219,,,,,,,,,,,,,,,,,,,,,,,,220,,72,142,27,,,,,,28,,13,29,30,,,,39,40,,31,,,,32,,33,34,21,,,22,,23,,11,,,12,24,25,35,36,37,38,,41,42,43,44,45,46,47,,48,54,112,,,53,
227,,,,,,,,,,,,,,,,,,,,,,,,217,,,,,,,,,,,,,,88,,,205,,,85,221,,89,,,,,,,,,,,,,,,,,,,,,,,,,,,,,,,,,,,,,,,,,,,,,,,,,,,,,,,,